<?xml version="1.0" encoding="UTF-8" standalone="no"?>
<project>
	<configuration id="com.st.stm32cube.ide.mcu.gnu.managedbuild.toolchain.base.413760867" name="Default">
		<extension point="org.eclipse.cdt.core.LanguageSettingsProvider">
			<provider copy-of="extension" id="org.eclipse.cdt.ui.UserLanguageSettingsProvider"/>
			<provider-reference id="org.eclipse.cdt.core.ReferencedProjectsLanguageSettingsProvider" ref="shared-provider"/>
			<provider class="org.eclipse.cdt.managedbuilder.language.settings.providers.GCCBuildCommandParser" id="org.eclipse.cdt.managedbuilder.core.GCCBuildCommandParser" keep-relative-paths="false" name="CDT GCC Build Output Parser" parameter="([^/\\\\]*)((g?cc)|([gc]\+\+)|(clang))" prefer-non-shared="true"/>
			<provider class="com.st.stm32cube.ide.mcu.toolchain.armnone.setup.CrossBuiltinSpecsDetector" console="false" env-hash="-1034886364776684903" id="com.st.stm32cube.ide.mcu.toolchain.armnone.setup.CrossBuiltinSpecsDetector" keep-relative-paths="false" name="MCU ARM GCC Built-in Compiler Settings" parameter="${COMMAND} ${FLAGS} -E -P -v -dD &quot;${INPUTS}&quot;" prefer-non-shared="true">
				<language-scope id="org.eclipse.cdt.core.gcc"/>
				<language-scope id="org.eclipse.cdt.core.g++"/>
			</provider>
			<provider-reference id="org.eclipse.cdt.managedbuilder.core.MBSLanguageSettingsProvider" ref="shared-provider"/>
		</extension>
	</configuration>
	<configuration id="com.st.stm32cube.ide.mcu.gnu.managedbuild.toolchain.base.413760867.920734152" name="Test">
		<extension point="org.eclipse.cdt.core.LanguageSettingsProvider">
			<provider copy-of="extension" id="org.eclipse.cdt.ui.UserLanguageSettingsProvider"/>
			<provider-reference id="org.eclipse.cdt.core.ReferencedProjectsLanguageSettingsProvider" ref="shared-provider"/>
			<provider copy-of="extension" id="org.eclipse.cdt.managedbuilder.core.GCCBuildCommandParser"/>
			<provider class="com.st.stm32cube.ide.mcu.toolchain.armnone.setup.CrossBuiltinSpecsDetector" console="false" env-hash="-1034886364776684903" id="com.st.stm32cube.ide.mcu.toolchain.armnone.setup.CrossBuiltinSpecsDetector" keep-relative-paths="false" name="MCU ARM GCC Built-in Compiler Settings" parameter="${COMMAND} ${FLAGS} -E -P -v -dD &quot;${INPUTS}&quot;" prefer-non-shared="true">
				<language-scope id="org.eclipse.cdt.core.gcc"/>
				<language-scope id="org.eclipse.cdt.core.g++"/>
			</provider>
			<provider-reference id="org.eclipse.cdt.managedbuilder.core.MBSLanguageSettingsProvider" ref="shared-provider"/>
		</extension>
	</configuration>
	<configuration id="com.st.stm32cube.ide.mcu.gnu.managedbuild.config.exe.debug.238216513" name="Debug">
		<extension point="org.eclipse.cdt.core.LanguageSettingsProvider">
			<provider copy-of="extension" id="org.eclipse.cdt.ui.UserLanguageSettingsProvider"/>
			<provider-reference id="org.eclipse.cdt.core.ReferencedProjectsLanguageSettingsProvider" ref="shared-provider"/>
			<provider-reference id="org.eclipse.cdt.managedbuilder.core.MBSLanguageSettingsProvider" ref="shared-provider"/>
			<provider class="com.st.stm32cube.ide.mcu.toolchain.armnone.setup.CrossBuiltinSpecsDetector" console="false" env-hash="-1066521720387204013" id="com.st.stm32cube.ide.mcu.toolchain.armnone.setup.CrossBuiltinSpecsDetector" keep-relative-paths="false" name="MCU ARM GCC Built-in Compiler Settings" parameter="${COMMAND} ${FLAGS} -E -P -v -dD &quot;${INPUTS}&quot;" prefer-non-shared="true">
				<language-scope id="org.eclipse.cdt.core.gcc"/>
				<language-scope id="org.eclipse.cdt.core.g++"/>
			</provider>
		</extension>
	</configuration>
	<configuration id="com.st.stm32cube.ide.mcu.gnu.managedbuild.config.exe.release.1814266007" name="Release">
		<extension point="org.eclipse.cdt.core.LanguageSettingsProvider">
			<provider copy-of="extension" id="org.eclipse.cdt.ui.UserLanguageSettingsProvider"/>
			<provider-reference id="org.eclipse.cdt.core.ReferencedProjectsLanguageSettingsProvider" ref="shared-provider"/>
			<provider-reference id="org.eclipse.cdt.managedbuilder.core.MBSLanguageSettingsProvider" ref="shared-provider"/>
			<provider class="com.st.stm32cube.ide.mcu.toolchain.armnone.setup.CrossBuiltinSpecsDetector" console="false" env-hash="-1066521720387204013" id="com.st.stm32cube.ide.mcu.toolchain.armnone.setup.CrossBuiltinSpecsDetector" keep-relative-paths="false" name="MCU ARM GCC Built-in Compiler Settings" parameter="${COMMAND} ${FLAGS} -E -P -v -dD &quot;${INPUTS}&quot;" prefer-non-shared="true">
				<language-scope id="org.eclipse.cdt.core.gcc"/>
				<language-scope id="org.eclipse.cdt.core.g++"/>
			</provider>
		</extension>
	</configuration>
	<configuration id="com.st.stm32cube.ide.mcu.gnu.managedbuild.config.exe.debug.1315607084" name="Debug">
		<extension point="org.eclipse.cdt.core.LanguageSettingsProvider">
			<provider copy-of="extension" id="org.eclipse.cdt.ui.UserLanguageSettingsProvider"/>
			<provider-reference id="org.eclipse.cdt.core.ReferencedProjectsLanguageSettingsProvider" ref="shared-provider"/>
			<provider-reference id="org.eclipse.cdt.managedbuilder.core.MBSLanguageSettingsProvider" ref="shared-provider"/>
			<provider class="com.st.stm32cube.ide.mcu.toolchain.armnone.setup.CrossBuiltinSpecsDetector" console="false" env-hash="-1066521720387204013" id="com.st.stm32cube.ide.mcu.toolchain.armnone.setup.CrossBuiltinSpecsDetector" keep-relative-paths="false" name="MCU ARM GCC Built-in Compiler Settings" parameter="${COMMAND} ${FLAGS} -E -P -v -dD &quot;${INPUTS}&quot;" prefer-non-shared="true">
				<language-scope id="org.eclipse.cdt.core.gcc"/>
				<language-scope id="org.eclipse.cdt.core.g++"/>
			</provider>
		</extension>
	</configuration>
	<configuration id="com.st.stm32cube.ide.mcu.gnu.managedbuild.config.exe.release.2075105227" name="Release">
		<extension point="org.eclipse.cdt.core.LanguageSettingsProvider">
			<provider copy-of="extension" id="org.eclipse.cdt.ui.UserLanguageSettingsProvider"/>
			<provider-reference id="org.eclipse.cdt.core.ReferencedProjectsLanguageSettingsProvider" ref="shared-provider"/>
			<provider-reference id="org.eclipse.cdt.managedbuilder.core.MBSLanguageSettingsProvider" ref="shared-provider"/>
			<provider class="com.st.stm32cube.ide.mcu.toolchain.armnone.setup.CrossBuiltinSpecsDetector" console="false" env-hash="-1066521720387204013" id="com.st.stm32cube.ide.mcu.toolchain.armnone.setup.CrossBuiltinSpecsDetector" keep-relative-paths="false" name="MCU ARM GCC Built-in Compiler Settings" parameter="${COMMAND} ${FLAGS} -E -P -v -dD &quot;${INPUTS}&quot;" prefer-non-shared="true">
				<language-scope id="org.eclipse.cdt.core.gcc"/>
				<language-scope id="org.eclipse.cdt.core.g++"/>
			</provider>
		</extension>
	</configuration>
	<configuration id="com.st.stm32cube.ide.mcu.gnu.managedbuild.config.exe.debug.1481587029" name="Debug">
		<extension point="org.eclipse.cdt.core.LanguageSettingsProvider">
			<provider copy-of="extension" id="org.eclipse.cdt.ui.UserLanguageSettingsProvider"/>
			<provider-reference id="org.eclipse.cdt.core.ReferencedProjectsLanguageSettingsProvider" ref="shared-provider"/>
			<provider-reference id="org.eclipse.cdt.managedbuilder.core.MBSLanguageSettingsProvider" ref="shared-provider"/>
			<provider class="com.st.stm32cube.ide.mcu.toolchain.armnone.setup.CrossBuiltinSpecsDetector" console="false" env-hash="-1066521720387204013" id="com.st.stm32cube.ide.mcu.toolchain.armnone.setup.CrossBuiltinSpecsDetector" keep-relative-paths="false" name="MCU ARM GCC Built-in Compiler Settings" parameter="${COMMAND} ${FLAGS} -E -P -v -dD &quot;${INPUTS}&quot;" prefer-non-shared="true">
				<language-scope id="org.eclipse.cdt.core.gcc"/>
				<language-scope id="org.eclipse.cdt.core.g++"/>
			</provider>
		</extension>
	</configuration>
	<configuration id="com.st.stm32cube.ide.mcu.gnu.managedbuild.config.exe.release.1837563129" name="Release">
		<extension point="org.eclipse.cdt.core.LanguageSettingsProvider">
			<provider copy-of="extension" id="org.eclipse.cdt.ui.UserLanguageSettingsProvider"/>
			<provider-reference id="org.eclipse.cdt.core.ReferencedProjectsLanguageSettingsProvider" ref="shared-provider"/>
			<provider-reference id="org.eclipse.cdt.managedbuilder.core.MBSLanguageSettingsProvider" ref="shared-provider"/>
			<provider class="com.st.stm32cube.ide.mcu.toolchain.armnone.setup.CrossBuiltinSpecsDetector" console="false" env-hash="-1066521720387204013" id="com.st.stm32cube.ide.mcu.toolchain.armnone.setup.CrossBuiltinSpecsDetector" keep-relative-paths="false" name="MCU ARM GCC Built-in Compiler Settings" parameter="${COMMAND} ${FLAGS} -E -P -v -dD &quot;${INPUTS}&quot;" prefer-non-shared="true">
				<language-scope id="org.eclipse.cdt.core.gcc"/>
				<language-scope id="org.eclipse.cdt.core.g++"/>
			</provider>
		</extension>
	</configuration>
	<configuration id="com.st.stm32cube.ide.mcu.gnu.managedbuild.config.exe.debug.842928106" name="Debug">
		<extension point="org.eclipse.cdt.core.LanguageSettingsProvider">
			<provider copy-of="extension" id="org.eclipse.cdt.ui.UserLanguageSettingsProvider"/>
			<provider-reference id="org.eclipse.cdt.core.ReferencedProjectsLanguageSettingsProvider" ref="shared-provider"/>
			<provider-reference id="org.eclipse.cdt.managedbuilder.core.MBSLanguageSettingsProvider" ref="shared-provider"/>
			<provider class="com.st.stm32cube.ide.mcu.toolchain.armnone.setup.CrossBuiltinSpecsDetector" console="false" env-hash="-1066521720387204013" id="com.st.stm32cube.ide.mcu.toolchain.armnone.setup.CrossBuiltinSpecsDetector" keep-relative-paths="false" name="MCU ARM GCC Built-in Compiler Settings" parameter="${COMMAND} ${FLAGS} -E -P -v -dD &quot;${INPUTS}&quot;" prefer-non-shared="true">
				<language-scope id="org.eclipse.cdt.core.gcc"/>
				<language-scope id="org.eclipse.cdt.core.g++"/>
			</provider>
		</extension>
	</configuration>
	<configuration id="com.st.stm32cube.ide.mcu.gnu.managedbuild.config.exe.release.280541282" name="Release">
		<extension point="org.eclipse.cdt.core.LanguageSettingsProvider">
			<provider copy-of="extension" id="org.eclipse.cdt.ui.UserLanguageSettingsProvider"/>
			<provider-reference id="org.eclipse.cdt.core.ReferencedProjectsLanguageSettingsProvider" ref="shared-provider"/>
			<provider-reference id="org.eclipse.cdt.managedbuilder.core.MBSLanguageSettingsProvider" ref="shared-provider"/>
			<provider class="com.st.stm32cube.ide.mcu.toolchain.armnone.setup.CrossBuiltinSpecsDetector" console="false" env-hash="-1066521720387204013" id="com.st.stm32cube.ide.mcu.toolchain.armnone.setup.CrossBuiltinSpecsDetector" keep-relative-paths="false" name="MCU ARM GCC Built-in Compiler Settings" parameter="${COMMAND} ${FLAGS} -E -P -v -dD &quot;${INPUTS}&quot;" prefer-non-shared="true">
				<language-scope id="org.eclipse.cdt.core.gcc"/>
				<language-scope id="org.eclipse.cdt.core.g++"/>
			</provider>
		</extension>
	</configuration>
	<configuration id="com.st.stm32cube.ide.mcu.gnu.managedbuild.config.exe.debug.1171316243" name="Debug">
		<extension point="org.eclipse.cdt.core.LanguageSettingsProvider">
			<provider copy-of="extension" id="org.eclipse.cdt.ui.UserLanguageSettingsProvider"/>
			<provider-reference id="org.eclipse.cdt.core.ReferencedProjectsLanguageSettingsProvider" ref="shared-provider"/>
			<provider-reference id="org.eclipse.cdt.managedbuilder.core.MBSLanguageSettingsProvider" ref="shared-provider"/>
			<provider class="com.st.stm32cube.ide.mcu.toolchain.armnone.setup.CrossBuiltinSpecsDetector" console="false" env-hash="-1066521720387204013" id="com.st.stm32cube.ide.mcu.toolchain.armnone.setup.CrossBuiltinSpecsDetector" keep-relative-paths="false" name="MCU ARM GCC Built-in Compiler Settings" parameter="${COMMAND} ${FLAGS} -E -P -v -dD &quot;${INPUTS}&quot;" prefer-non-shared="true">
				<language-scope id="org.eclipse.cdt.core.gcc"/>
				<language-scope id="org.eclipse.cdt.core.g++"/>
			</provider>
		</extension>
	</configuration>
	<configuration id="com.st.stm32cube.ide.mcu.gnu.managedbuild.config.exe.release.265531689" name="Release">
		<extension point="org.eclipse.cdt.core.LanguageSettingsProvider">
			<provider copy-of="extension" id="org.eclipse.cdt.ui.UserLanguageSettingsProvider"/>
			<provider-reference id="org.eclipse.cdt.core.ReferencedProjectsLanguageSettingsProvider" ref="shared-provider"/>
			<provider-reference id="org.eclipse.cdt.managedbuilder.core.MBSLanguageSettingsProvider" ref="shared-provider"/>
			<provider class="com.st.stm32cube.ide.mcu.toolchain.armnone.setup.CrossBuiltinSpecsDetector" console="false" env-hash="-1066521720387204013" id="com.st.stm32cube.ide.mcu.toolchain.armnone.setup.CrossBuiltinSpecsDetector" keep-relative-paths="false" name="MCU ARM GCC Built-in Compiler Settings" parameter="${COMMAND} ${FLAGS} -E -P -v -dD &quot;${INPUTS}&quot;" prefer-non-shared="true">
				<language-scope id="org.eclipse.cdt.core.gcc"/>
				<language-scope id="org.eclipse.cdt.core.g++"/>
			</provider>
		</extension>
	</configuration>
</project>